artist	track_name	count
The Strokes	Heart In A Cage	100
Saalschutz	Mein Pop Dein Pop	87
Mediengruppe Telekommander	Was Ganz Feines	73
Manu Chao	Me Gustas Tu	72
Curtis Roads	Volt Air, Part I	72
Saalschutz	Das Lied Mit Den Suggestivfragen	70
Muse	Supermassive Black Hole	65
Elliott Smith	Between The Bars	64
Cocorosie	Noah'S Ark	63
Saalschutz	Diederich Diederichsen	60
The Hives	Abra Cadaver	60
Muse	Knights Of Cydonia	59
Die Raketen	Tokyo, Tokyo.....Eh MÃ¤dchen	58
Boards Of Canada	Turquoise Hexagon Sun	56
Joanna Newsom	Emily	55
Muse	Bliss	53
Battles	Atlas	53
Saalschutz	19,9 & 90	52
Frittenbude	Es Dreht Sich Alles Um Uns Beide	52
Muse	Space Dementia	51
Klaxons	Totem On The Timeline	51
Boards Of Canada	Seeya Later	49
Boards Of Canada	Sixtyniner	49
Hella	2012 And Countless	49
Man Or Astro-Man?	Escape Through The Air Vent	48
Tolerantes Brandenburg	Kaviar (Rabauke Rmx)	48
Klaxons	Golden Skans	48
Cocorosie	Good Friday	47
Mediengruppe Telekommander	Panzer	47
Egotronic	Raven Gegen Deutschland	47
[Unknown]	The  Sunshine  Underground -	47
Boards Of Canada	June 9Th	46
Boards Of Canada	Amo Bishop Roden	46
Of Montreal	Gronlandic Edit	46
Muse	Citizen Erased	46
Clap Your Hands Say Yeah	Upon This Tidal Wave Of Young Blood	45
Juanimus Prime	The End Of The Mission Valley Fuck Machine	45
Clap Your Hands Say Yeah	Over And Over Again (Lost And Found)	45
Pretty Good Dance Moves	Demons Dancing (David Wolf Remix)	44
Muse	Starlight	44
Peter Bjorn And John	Young Folks	44
Battles	Race : In	43
Mediengruppe Telekommander	Untergrund	43
Man Or Astro-Man?	The Human Calculator	43
Saalschutz	Leererer, Inhaltsloser Ausdruck	43
Boards Of Canada	Energy Warning	43
Boards Of Canada	Wildlife Analysis	43
Battles	Ddiamondd	42
Boards Of Canada	Roygbiv	42
Joanna Newsom	Monkey & Bear	42
Curtis Roads	Nanomorphosis	42
Boards Of Canada	Everything You Do Is A Balloon	42
Boards Of Canada	Nlogax	41
Battles	Tonto	41
Justice	Stress	41
Beirut	A Sunday Smile	40
Mediengruppe Telekommander	Mach Das Leiser	40
Arcade Fire	Wake Up	39
Al Anthony	Concerto Pour Violin, Ii	39
Moonbootica	Mopedgang	39
Muse	New Born	38
Pretty Good Dance Moves	P.G.D.M	38
Cocorosie	Butterscotch	38
Joanna Newsom	Only Skin	38
Juanimus Prime	The Terror Of The Mission Valley Fuck Machine	37
Mediengruppe Telekommander	Bild Dir Deine Meinung	37
Curtis Roads	Tenth Vortex	37
Arctic Monkeys	Teddy Picker	37
Cocorosie	By Your Side	37
Tv On The Radio	Staring At The Sun	37
Saalschutz	Richtige Deejays	37
Cocorosie	Terrible Angels	37
Curtis Roads	Pictor Alpha	36
Digitalism	Jupiter Room	36
Mediengruppe Telekommander	Trend	36
Boards Of Canada	Smokes Quantity	36
Boards Of Canada	Dawn Chorus	36
Joanna Newsom	Sawdust & Diamonds	36
Muse	Map Of The Problematique	36
Battles	Leyendecker	36
Boards Of Canada	Aquarius	36
Saalschutz	Leererer, Inhaltsloserer Ausdruck (Feat. Stina Galaxina)	35
Death From Above 1979	Do It! (Live)	35
Patrick Wolf	The Magic Position	35
Mediengruppe Telekommander	Loft Oder Liebe	35
Lcd Soundsystem	Someone Great	35
Interpol	Slow Hands	34
Man Or Astro-Man?	Invasion Of The Dragonmen	34
Cocorosie	Jesus Loves Me	34
Boards Of Canada	One Very Important Thought	34
Boards Of Canada	The Beach At Redpoint	34
Justice	Dvno	34
Modest Mouse	March Into The Sea	34
Yann Tiersen	L'Absente	34
Lcd Soundsystem	Get Innocuous!	34
Modest Mouse	Tundra/Desert	34
Boards Of Canada	Over The Horizon Radar	33
Boards Of Canada	Julie And Candy	33
Muse	Assassin	33
